[u'Aamir', u'Aaron', u'Abbey', u'Abbie', u'Abbot', u'Abbott', u'Abby', u'Abdel', u'Abdul', u'Abdulkarim', u'Abdullah', u'Abe', u'Abel', u'Abelard', u'Abner', u'Abraham', u'Abram', u'Ace', u'Adair', u'Adam', u'Adams', u'Addie', u'Adger', u'Aditya', u'Adlai', u'Adnan', u'Adolf', u'Adolfo', u'Adolph', u'Adolphe', u'Adolpho', u'Adolphus', u'Adrian', u'Adrick', u'Adrien', u'Agamemnon', u'Aguinaldo', u'Aguste', u'Agustin', u'Aharon', u'Ahmad', u'Ahmed', u'Ahmet', u'Ajai', u'Ajay', u'Al', u'Alaa', u'Alain', u'Alan', u'Alasdair', u'Alastair', u'Albatros', u'Albert', u'Alberto', u'Albrecht', u'Alden', u'Aldis', u'Aldo', u'Aldric', u'Aldrich', u'Aldus', u'Aldwin', u'Alec', u'Aleck', u'Alejandro', u'Aleks', u'Aleksandrs', u'Alessandro', u'Alex', u'Alexander', u'Alexei', u'Alexis', u'Alf', u'Alfie', u'Alfonse', u'Alfonso', u'Alfonzo', u'Alford', u'Alfred', u'Alfredo', u'Algernon', u'Ali', u'Alic', u'Alister', u'Alix', u'Allah', u'Allan', u'Allen', u'Alley', u'Allie', u'Allin', u'Allyn', u'Alonso', u'Alonzo', u'Aloysius', u'Alphonse', u'Alphonso', u'Alston', u'Alton', u'Alvin', u'Alwin', u'Amadeus', u'Ambros', u'Ambrose', u'Ambrosi', u'Ambrosio', u'Ambrosius', u'Amery', u'Amory', u'Amos', u'Anatol', u'Anatole', u'Anatollo', u'Anatoly', u'Anders', u'Andie', u'Andonis', u'Andre', u'Andrea', u'Andreas', u'Andrej', u'Andres', u'Andrew', u'Andrey', u'Andri', u'Andros', u'Andrus', u'Andrzej', u'Andy', u'Angel', u'Angelico', u'Angelo', u'Angie', u'Angus', u'Ansel', u'Ansell', u'Anselm', u'Anson', u'Anthony', u'Antin', u'Antoine', u'Anton', u'Antone', u'Antoni', u'Antonin', u'Antonino', u'Antonio', u'Antonius', u'Antony', u'Anurag', u'Apollo', u'Apostolos', u'Aram', u'Archibald', u'Archibold', u'Archie', u'Archon', u'Archy', u'Arel', u'Ari', u'Arie', u'Ariel', u'Aristotle', u'Arlo', u'Armand', u'Armando', u'Armond', u'Armstrong', u'Arne', u'Arnie', u'Arnold', u'Arnoldo', u'Aron', u'Arron', u'Art', u'Arther', u'Arthur', u'Artie', u'Artur', u'Arturo', u'Arvie', u'Arvin', u'Arvind', u'Arvy', u'Ash', u'Ashby', u'Ashish', u'Ashley', u'Ashton', u'Aub', u'Aube', u'Aubert', u'Aubrey', u'Augie', u'August', u'Augustin', u'Augustine', u'Augusto', u'Augustus', u'Austen', u'Austin', u'Ave', u'Averell', u'Averil', u'Averill', u'Avery', u'Avi', u'Avraham', u'Avram', u'Avrom', u'Axel', u'Aylmer', u'Aziz', u'Bailey', u'Bailie', u'Baillie', u'Baily', u'Baird', u'Baldwin', u'Bancroft', u'Barbabas', u'Barclay', u'Bard', u'Barde', u'Barn', u'Barnabas', u'Barnabe', u'Barnaby', u'Barnard', u'Barnebas', u'Barnett', u'Barney', u'Barnie', u'Barny', u'Baron', u'Barr', u'Barret', u'Barrett', u'Barri', u'Barrie', u'Barris', u'Barron', u'Barry', u'Bart', u'Bartel', u'Barth', u'Barthel', u'Bartholemy', u'Bartholomeo', u'Bartholomeus', u'Bartholomew', u'Bartie', u'Bartlet', u'Bartlett', u'Bartolemo', u'Bartolomei', u'Bartolomeo', u'Barton', u'Barty', u'Bary', u'Basil', u'Batholomew', u'Baxter', u'Bay', u'Bayard', u'Beale', u'Bealle', u'Bear', u'Bearnard', u'Beau', u'Beaufort', u'Beauregard', u'Beck', u'Bela', u'Ben', u'Benedict', u'Bengt', u'Benito', u'Benjamen', u'Benjamin', u'Benji', u'Benjie', u'Benjy', u'Benn', u'Bennet', u'Bennett', u'Bennie', u'Benny', u'Benson', u'Bentley', u'Benton', u'Beowulf', u'Berchtold', u'Berk', u'Berke', u'Berkeley', u'Berkie', u'Berkley', u'Bernard', u'Bernardo', u'Bernd', u'Bernhard', u'Bernie', u'Bert', u'Bertie', u'Bertram', u'Bertrand', u'Bharat', u'Biff', u'Bill', u'Billie', u'Billy', u'Bing', u'Binky', u'Bishop', u'Bjorn', u'Bjorne', u'Blaine', u'Blair', u'Blake', u'Blare', u'Blayne', u'Bo', u'Bob', u'Bobbie', u'Bobby', u'Bogart', u'Bogdan', u'Boniface', u'Boris', u'Boyce', u'Boyd', u'Brad', u'Braden', u'Bradford', u'Bradley', u'Bradly', u'Brady', u'Brandon', u'Brandy', u'Brant', u'Brendan', u'Brent', u'Bret', u'Brett', u'Brewer', u'Brewster', u'Brian', u'Brice', u'Briggs', u'Brinkley', u'Britt', u'Brock', u'Broddie', u'Broddy', u'Broderic', u'Broderick', u'Brodie', u'Brody', u'Bronson', u'Brook', u'Brooke', u'Brooks', u'Bruce', u'Bruno', u'Bryan', u'Bryant', u'Bryce', u'Bryn', u'Bryon', u'Bubba', u'Buck', u'Bucky', u'Bud', u'Buddy', u'Burgess', u'Burke', u'Burl', u'Burnaby', u'Burt', u'Burton', u'Buster', u'Butch', u'Butler', u'Byram', u'Byron', u'Caesar', u'Cain', u'Cal', u'Caldwell', u'Caleb', u'Calhoun', u'Calvin', u'Cam', u'Cameron', u'Cammy', u'Carey', u'Carl', u'Carleigh', u'Carlie', u'Carlin', u'Carlo', u'Carlos', u'Carlton', u'Carlyle', u'Carmine', u'Carroll', u'Carson', u'Carsten', u'Carter', u'Cary', u'Caryl', u'Case', u'Casey', u'Caspar', u'Casper', u'Cass', u'Cat', u'Cecil', u'Cesar', u'Chad', u'Chadd', u'Chaddie', u'Chaddy', u'Chadwick', u'Chaim', u'Chalmers', u'Chan', u'Chance', u'Chancey', u'Chanderjit', u'Chandler', u'Chane', u'Chariot', u'Charles', u'Charleton', u'Charley', u'Charlie', u'Charlton', u'Chas', u'Chase', u'Chaunce', u'Chauncey', u'Che', u'Chelton', u'Chen', u'Chester', u'Cheston', u'Chet', u'Chev', u'Chevalier', u'Chevy', u'Chip', u'Chris', u'Chrissy', u'Christ', u'Christian', u'Christiano', u'Christie', u'Christof', u'Christofer', u'Christoph', u'Christophe', u'Christopher', u'Christorpher', u'Christos', u'Christy', u'Chrisy', u'Chuck', u'Churchill', u'Clair', u'Claire', u'Clancy', u'Clarance', u'Clare', u'Clarence', u'Clark', u'Clarke', u'Claude', u'Claudio', u'Claudius', u'Claus', u'Clay', u'Clayborn', u'Clayborne', u'Claybourne', u'Clayton', u'Cleland', u'Clem', u'Clemens', u'Clement', u'Clemente', u'Clemmie', u'Cletus', u'Cleveland', u'Cliff', u'Clifford', u'Clifton', u'Clint', u'Clinten', u'Clinton', u'Clive', u'Clyde', u'Cob', u'Cobb', u'Cobbie', u'Cobby', u'Cody', u'Colbert', u'Cole', u'Coleman', u'Colin', u'Collin', u'Collins', u'Conan', u'Connie', u'Connolly', u'Connor', u'Conrad', u'Conroy', u'Constantin', u'Constantine', u'Constantinos', u'Conway', u'Cooper', u'Corbin', u'Corby', u'Corey', u'Corky', u'Cornelius', u'Cornellis', u'Corrie', u'Cortese', u'Corwin', u'Cory', u'Cosmo', u'Costa', u'Courtney', u'Craig', u'Crawford', u'Creighton', u'Cris', u'Cristopher', u'Curt', u'Curtice', u'Curtis', u'Cy', u'Cyril', u'Cyrill', u'Cyrille', u'Cyrillus', u'Cyrus', u'Dabney', u'Daffy', u'Dale', u'Dallas', u'Dalton', u'Damian', u'Damien', u'Damon', u'Dan', u'Dana', u'Dane', u'Dani', u'Danie', u'Daniel', u'Dannie', u'Danny', u'Dante', u'Darby', u'Darcy', u'Daren', u'Darian', u'Darien', u'Darin', u'Dario', u'Darius', u'Darrel', u'Darrell', u'Darren', u'Darrick', u'Darrin', u'Darryl', u'Darth', u'Darwin', u'Daryl', u'Daryle', u'Dave', u'Davey', u'David', u'Davidde', u'Davide', u'Davidson', u'Davie', u'Davin', u'Davis', u'Davon', u'Davoud', u'Davy', u'Dawson', u'Dean', u'Deane', u'Del', u'Delbert', u'Dell', u'Delmar', u'Demetre', u'Demetri', u'Demetris', u'Demetrius', u'Demosthenis', u'Denis', u'Dennie', u'Dennis', u'Denny', u'Derby', u'Derek', u'Derick', u'Derk', u'Derrek', u'Derrick', u'Derrin', u'Derrol', u'Derron', u'Deryl', u'Desmond', u'Desmund', u'Devin', u'Devon', u'Dewey', u'Dewitt', u'Dexter', u'Dick', u'Dickey', u'Dickie', u'Diego', u'Dieter', u'Dietrich', u'Dillon', u'Dimitri', u'Dimitrios', u'Dimitris', u'Dimitrou', u'Dimitry', u'Dino', u'Dion', u'Dionis', u'Dionysus', u'Dirk', u'Dmitri', u'Dom', u'Domenic', u'Domenico', u'Dominic', u'Dominick', u'Dominique', u'Don', u'Donal', u'Donald', u'Donn', u'Donnie', u'Donny', u'Donovan', u'Dorian', u'Dory', u'Doug', u'Douggie', u'Dougie', u'Douglas', u'Douglass', u'Douglis', u'Dov', u'Doyle', u'Drake', u'Drew', u'Dru', u'Dryke', u'Duane', u'Dudley', u'Duffie', u'Duffy', u'Dugan', u'Duke', u'Dunc', u'Duncan', u'Dunstan', u'Durand', u'Durant', u'Durante', u'Durward', u'Dustin', u'Dwain', u'Dwaine', u'Dwane', u'Dwayne', u'Dwight', u'Dylan', u'Dyson', u'Earl', u'Earle', u'Easton', u'Eben', u'Ebeneser', u'Ebenezer', u'Eberhard', u'Ed', u'Eddie', u'Eddy', u'Edgar', u'Edgardo', u'Edie', u'Edmond', u'Edmund', u'Edouard', u'Edsel', u'Eduard', u'Eduardo', u'Edward', u'Edwin', u'Efram', u'Egbert', u'Ehud', u'Elbert', u'Elden', u'Eldon', u'Eli', u'Elias', u'Elihu', u'Elijah', u'Eliot', u'Eliott', u'Elisha', u'Elliot', u'Elliott', u'Ellis', u'Ellsworth', u'Ellwood', u'Elmer', u'Elmore', u'Elnar', u'Elric', u'Elroy', u'Elton', u'Elvin', u'Elvis', u'Elwin', u'Elwood', u'Elwyn', u'Ely', u'Emanuel', u'Emerson', u'Emery', u'Emil', u'Emile', u'Emilio', u'Emmanuel', u'Emmery', u'Emmet', u'Emmett', u'Emmit', u'Emmott', u'Emmy', u'Emory', u'Ender', u'Engelbart', u'Engelbert', u'Englebart', u'Englebert', u'Enoch', u'Enrico', u'Enrique', u'Ephraim', u'Ephram', u'Ephrayim', u'Ephrem', u'Er', u'Erasmus', u'Erastus', u'Erek', u'Erhard', u'Erhart', u'Eric', u'Erich', u'Erick', u'Erik', u'Erin', u'Erl', u'Ernest', u'Ernesto', u'Ernie', u'Ernst', u'Erny', u'Errol', u'Ervin', u'Erwin', u'Esau', u'Esme', u'Esteban', u'Ethan', u'Ethelbert', u'Ethelred', u'Etienne', u'Euclid', u'Eugen', u'Eugene', u'Eustace', u'Ev', u'Evan', u'Evelyn', u'Everard', u'Everett', u'Ewan', u'Ewart', u'Ez', u'Ezechiel', u'Ezekiel', u'Ezra', u'Fabian', u'Fabio', u'Fairfax', u'Farley', u'Fazeel', u'Federico', u'Felice', u'Felicio', u'Felipe', u'Felix', u'Ferd', u'Ferdie', u'Ferdinand', u'Ferdy', u'Fergus', u'Ferguson', u'Ferinand', u'Fernando', u'Fidel', u'Filbert', u'Filip', u'Filipe', u'Filmore', u'Finley', u'Finn', u'Fitz', u'Fitzgerald', u'Flem', u'Fleming', u'Flemming', u'Fletch', u'Fletcher', u'Flin', u'Flinn', u'Flint', u'Flipper', u'Florian', u'Floyd', u'Flynn', u'Fons', u'Fonsie', u'Fonz', u'Fonzie', u'Forbes', u'Ford', u'Forest', u'Forester', u'Forrest', u'Forrester', u'Forster', u'Foster', u'Fowler', u'Fox', u'Fran', u'Francesco', u'Francis', u'Francisco', u'Francois', u'Frank', u'Frankie', u'Franklin', u'Franklyn', u'Franky', u'Frans', u'Franz', u'Fraser', u'Frazier', u'Fred', u'Freddie', u'Freddy', u'Frederic', u'Frederich', u'Frederick', u'Frederico', u'Frederik', u'Fredric', u'Fredrick', u'Freeman', u'Freemon', u'Fremont', u'French', u'Friedric', u'Friedrich', u'Friedrick', u'Fritz', u'Fulton', u'Fyodor', u'Gabe', u'Gabriel', u'Gabriele', u'Gabriell', u'Gabriello', u'Gail', u'Gale', u'Galen', u'Gallagher', u'Gamaliel', u'Garcia', u'Garcon', u'Gardener', u'Gardiner', u'Gardner', u'Garey', u'Garfield', u'Garfinkel', u'Garold', u'Garp', u'Garret', u'Garrett', u'Garrot', u'Garrott', u'Garry', u'Garth', u'Garv', u'Garvey', u'Garvin', u'Garvy', u'Garwin', u'Garwood', u'Gary', u'Gaspar', u'Gasper', u'Gaston', u'Gav', u'Gaven', u'Gavin', u'Gavriel', u'Gay', u'Gayle', u'Gearard', u'Gene', u'Geo', u'Geof', u'Geoff', u'Geoffrey', u'Geoffry', u'Georg', u'George', u'Georges', u'Georgia', u'Georgie', u'Georgy', u'Gerald', u'Geraldo', u'Gerard', u'Gere', u'Gerhard', u'Gerhardt', u'Geri', u'Germaine', u'Gerold', u'Gerome', u'Gerrard', u'Gerri', u'Gerrit', u'Gerry', u'Gershom', u'Gershon', u'Giacomo', u'Gian', u'Giancarlo', u'Giavani', u'Gibb', u'Gideon', u'Giff', u'Giffard', u'Giffer', u'Giffie', u'Gifford', u'Giffy', u'Gil', u'Gilbert', u'Gilberto', u'Gilburt', u'Giles', u'Gill', u'Gilles', u'Ginger', u'Gino', u'Giordano', u'Giorgi', u'Giorgio', u'Giovanne', u'Giovanni', u'Giraldo', u'Giraud', u'Giuseppe', u'Glen', u'Glenn', u'Glynn', u'Godard', u'Godart', u'Goddard', u'Goddart', u'Godfree', u'Godfrey', u'Godfry', u'Godwin', u'Gomer', u'Gonzales', u'Gonzalo', u'Goober', u'Goose', u'Gordan', u'Gordie', u'Gordon', u'Grace', u'Grady', u'Graehme', u'Graeme', u'Graham', u'Graig', u'Grant', u'Granville', u'Greg', u'Gregg', u'Greggory', u'Gregor', u'Gregorio', u'Gregory', u'Gretchen', u'Griff', u'Griffin', u'Griffith', u'Griswold', u'Grove', u'Grover', u'Guido', u'Guillaume', u'Guillermo', u'Gunner', u'Gunter', u'Gunther', u'Gus', u'Gustaf', u'Gustav', u'Gustave', u'Gustavo', u'Gustavus', u'Guthrey', u'Guthrie', u'Guthry', u'Guy', u'Hadleigh', u'Hadley', u'Hadrian', u'Hagan', u'Hagen', u'Hailey', u'Hakeem', u'Hakim', u'Hal', u'Hale', u'Haleigh', u'Haley', u'Hall', u'Hallam', u'Halvard', u'Ham', u'Hamel', u'Hamid', u'Hamil', u'Hamilton', u'Hamish', u'Hamlen', u'Hamlet', u'Hamlin', u'Hammad', u'Hamnet', u'Han', u'Hanan', u'Hanford', u'Hank', u'Hannibal', u'Hans', u'Hans-Peter', u'Hansel', u'Hanson', u'Harald', u'Harcourt', u'Hari', u'Harlan', u'Harland', u'Harley', u'Harlin', u'Harman', u'Harmon', u'Harold', u'Harris', u'Harrison', u'Harrold', u'Harry', u'Hart', u'Hartley', u'Hartwell', u'Harv', u'Harvard', u'Harvey', u'Harvie', u'Harwell', u'Hasheem', u'Hashim', u'Haskel', u'Haskell', u'Hassan', u'Hastings', u'Hasty', u'Haven', u'Hayden', u'Haydon', u'Hayes', u'Hayward', u'Haywood', u'Hazel', u'Heath', u'Heathcliff', u'Hebert', u'Hector', u'Heinrich', u'Heinz', u'Helmuth', u'Henderson', u'Hendrick', u'Hendrik', u'Henri', u'Henrie', u'Henrik', u'Henrique', u'Henry', u'Herb', u'Herbert', u'Herbie', u'Herby', u'Hercule', u'Hercules', u'Herculie', u'Herman', u'Hermann', u'Hermon', u'Hermy', u'Hernando', u'Herold', u'Herrick', u'Herrmann', u'Hersch', u'Herschel', u'Hersh', u'Hershel', u'Herve', u'Hervey', u'Hew', u'Hewe', u'Hewet', u'Hewett', u'Hewie', u'Hewitt', u'Heywood', u'Hezekiah', u'Higgins', u'Hilary', u'Hilbert', u'Hill', u'Hillard', u'Hillary', u'Hillel', u'Hillery', u'Hilliard', u'Hilton', u'Hiralal', u'Hiram', u'Hiro', u'Hirsch', u'Hobart', u'Hodge', u'Hogan', u'Hollis', u'Holly', u'Homer', u'Horace', u'Horacio', u'Horatio', u'Horatius', u'Horst', u'Howard', u'Howie', u'Hoyt', u'Hubert', u'Hudson', u'Huey', u'Hugh', u'Hugo', u'Humbert', u'Humphrey', u'Hunt', u'Hunter', u'Huntington', u'Huntlee', u'Huntley', u'Hurley', u'Husain', u'Husein', u'Hussein', u'Hy', u'Hyatt', u'Hyman', u'Hymie', u'Iago', u'Iain', u'Ian', u'Ibrahim', u'Ichabod', u'Iggie', u'Iggy', u'Ignace', u'Ignacio', u'Ignacius', u'Ignatius', u'Ignaz', u'Ignazio', u'Igor', u'Ike', u'Ikey', u'Immanuel', u'Ingamar', u'Ingelbert', u'Ingemar', u'Inglebert', u'Ingmar', u'Ingram', u'Inigo', u'Ira', u'Irvin', u'Irvine', u'Irving', u'Irwin', u'Isa', u'Isaac', u'Isaak', u'Isador', u'Isadore', u'Isaiah', u'Ishmael', u'Isidore', u'Ismail', u'Israel', u'Istvan', u'Ivan', u'Ivor', u'Izaak', u'Izak', u'Izzy', u'Jabez', u'Jack', u'Jackie', u'Jackson', u'Jacob', u'Jacques', u'Jae', u'Jaime', u'Jake', u'Jakob', u'James', u'Jameson', u'Jamey', u'Jamie', u'Jan', u'Janos', u'Janus', u'Jared', u'Jarrett', u'Jarvis', u'Jason', u'Jasper', u'Javier', u'Jay', u'Jean', u'Jean-Christophe', u'Jean-Francois', u'Jean-Lou', u'Jean-Luc', u'Jean-Marc', u'Jean-Paul', u'Jean-Pierre', u'Jeb', u'Jed', u'Jedediah', u'Jef', u'Jeff', u'Jefferey', u'Jefferson', u'Jeffery', u'Jeffie', u'Jeffrey', u'Jeffry', u'Jefry', u'Jehu', u'Jennings', u'Jens', u'Jephthah', u'Jerald', u'Jeramie', u'Jere', u'Jereme', u'Jeremiah', u'Jeremias', u'Jeremie', u'Jeremy', u'Jermain', u'Jermaine', u'Jermayne', u'Jerold', u'Jerome', u'Jeromy', u'Jerri', u'Jerrie', u'Jerrold', u'Jerrome', u'Jerry', u'Jervis', u'Jerzy', u'Jess', u'Jesse', u'Jessee', u'Jessey', u'Jessie', u'Jesus', u'Jeth', u'Jethro', u'Jim', u'Jimbo', u'Jimmie', u'Jimmy', u'Jo', u'Joab', u'Joachim', u'Joao', u'Joaquin', u'Job', u'Jock', u'Jodi', u'Jodie', u'Jody', u'Joe', u'Joel', u'Joey', u'Johan', u'Johann', u'Johannes', u'John', u'John-David', u'John-Patrick', u'Johnathan', u'Johnathon', u'Johnnie', u'Johnny', u'Johny', u'Jon', u'Jonah', u'Jonas', u'Jonathan', u'Jonathon', u'Jonny', u'Jordan', u'Jordon', u'Jordy', u'Jorge', u'Jory', u'Jose', u'Josef', u'Joseph', u'Josephus', u'Josh', u'Joshua', u'Joshuah', u'Josiah', u'Jotham', u'Juan', u'Juanita', u'Jud', u'Judah', u'Judas', u'Judd', u'Jude', u'Judith', u'Judson', u'Judy', u'Juergen', u'Jule', u'Jules', u'Julian', u'Julie', u'Julio', u'Julius', u'Justin', u'Justis', u'Kaiser', u'Kaleb', u'Kalil', u'Kalle', u'Kalman', u'Kalvin', u'Kam', u'Kane', u'Kareem', u'Karel', u'Karim', u'Karl', u'Karsten', u'Kaspar', u'Keefe', u'Keenan', u'Keene', u'Keil', u'Keith', u'Kellen', u'Kelley', u'Kelly', u'Kelsey', u'Kelvin', u'Kelwin', u'Ken', u'Kendal', u'Kendall', u'Kendrick', u'Kenn', u'Kennedy', u'Kenneth', u'Kenny', u'Kent', u'Kenton', u'Kenyon', u'Kermie', u'Kermit', u'Kerry', u'Kevan', u'Kevin', u'Kim', u'Kimball', u'Kimmo', u'Kin', u'Kincaid', u'King', u'Kingsley', u'Kingsly', u'Kingston', u'Kip', u'Kirby', u'Kirk', u'Kit', u'Klaus', u'Klee', u'Knox', u'Konrad', u'Konstantin', u'Kory', u'Kostas', u'Kraig', u'Kris', u'Krishna', u'Kristian', u'Kristopher', u'Kristos', u'Kurt', u'Kurtis', u'Kyle', u'Laird', u'Lamar', u'Lambert', u'Lamont', u'Lance', u'Lancelot', u'Lane', u'Langston', u'Lanny', u'Larry', u'Lars', u'Laurance', u'Lauren', u'Laurence', u'Laurens', u'Laurent', u'Laurie', u'Lawerence', u'Lawrence', u'Lawson', u'Lawton', u'Lay', u'Layton', u'Lazar', u'Lazare', u'Lazaro', u'Lazarus', u'Lazlo', u'Lee', u'Lefty', u'Leif', u'Leigh', u'Leighton', u'Leland', u'Lem', u'Lemar', u'Lemmie', u'Lemmy', u'Lemuel', u'Len', u'Lenard', u'Lennie', u'Lenny', u'Leo', u'Leon', u'Leonard', u'Leonardo', u'Leonerd', u'Leonhard', u'Leonid', u'Leonidas', u'Leopold', u'Leroy', u'Les', u'Lesley', u'Leslie', u'Lester', u'Lev', u'Levi', u'Levin', u'Levon', u'Levy', u'Lew', u'Lewis', u'Lex', u'Liam', u'Lin', u'Lincoln', u'Lind', u'Lindsay', u'Lindsey', u'Lindy', u'Linoel', u'Linus', u'Lion', u'Lionel', u'Lionello', u'Llewellyn', u'Lloyd', u'Locke', u'Lockwood', u'Logan', u'Lon', u'Lonnie', u'Lonny', u'Loren', u'Lorenzo', u'Lorne', u'Lorrie', u'Lothar', u'Lou', u'Louie', u'Louis', u'Lovell', u'Lowell', u'Lucas', u'Luce', u'Lucian', u'Luciano', u'Lucien', u'Lucio', u'Lucius', u'Ludvig', u'Ludwig', u'Luigi', u'Luis', u'Lukas', u'Luke', u'Luther', u'Lyle', u'Lyn', u'Lyndon', u'Lynn', u'Mac', u'Mace', u'Mack', u'Mackenzie', u'Maddie', u'Maddy', u'Madison', u'Magnum', u'Magnus', u'Mahesh', u'Mahmoud', u'Mahmud', u'Maison', u'Major', u'Malcolm', u'Manfred', u'Manish', u'Manny', u'Manuel', u'Marc', u'Marcel', u'Marcello', u'Marcellus', u'Marcelo', u'Marchall', u'Marcio', u'Marco', u'Marcos', u'Marcus', u'Marietta', u'Marilu', u'Mario', u'Marion', u'Marius', u'Mark', u'Marko', u'Markos', u'Markus', u'Marlin', u'Marlo', u'Marlon', u'Marlow', u'Marlowe', u'Marmaduke', u'Marsh', u'Marshal', u'Marshall', u'Mart', u'Martainn', u'Marten', u'Martie', u'Martin', u'Martino', u'Marty', u'Martyn', u'Marv', u'Marve', u'Marven', u'Marvin', u'Marwin', u'Mason', u'Mateo', u'Mathew', u'Mathias', u'Matias', u'Matt', u'Matteo', u'Matthaeus', u'Mattheus', u'Matthew', u'Matthias', u'Matthieu', u'Matthiew', u'Matthus', u'Mattias', u'Mattie', u'Matty', u'Maurice', u'Mauricio', u'Maurie', u'Maurise', u'Maurits', u'Mauritz', u'Maury', u'Max', u'Maxfield', u'Maxie', u'Maxim', u'Maximilian', u'Maximilien', u'Maxwell', u'Mayer', u'Maynard', u'Maynord', u'Mayor', u'Mead', u'Meade', u'Meier', u'Meir', u'Mel', u'Melvin', u'Melvyn', u'Menard', u'Mendel', u'Mendie', u'Meredeth', u'Meredith', u'Merell', u'Merill', u'Merle', u'Merlin', u'Merrel', u'Merrick', u'Merril', u'Merrill', u'Merry', u'Merv', u'Mervin', u'Merwin', u'Meryl', u'Meyer', u'Mic', u'Micah', u'Michael', u'Michail', u'Michal', u'Michale', u'Micheal', u'Micheil', u'Michel', u'Michele', u'Mick', u'Mickey', u'Mickie', u'Micky', u'Miguel', u'Mika', u'Mikael', u'Mike', u'Mikel', u'Mikey', u'Mikhail', u'Miles', u'Millicent', u'Milo', u'Milt', u'Milton', u'Mischa', u'Mitch', u'Mitchael', u'Mitchel', u'Mitchell', u'Moe', u'Mohamad', u'Mohamed', u'Mohammad', u'Mohammed', u'Mohan', u'Moise', u'Moises', u'Moishe', u'Monroe', u'Montague', u'Monte', u'Montgomery', u'Monty', u'Moore', u'Mordecai', u'Morgan', u'Morlee', u'Morley', u'Morly', u'Morrie', u'Morris', u'Morry', u'Morse', u'Mort', u'Morten', u'Mortie', u'Mortimer', u'Morton', u'Morty', u'Mose', u'Moses', u'Moshe', u'Moss', u'Muffin', u'Mugsy', u'Muhammad', u'Munmro', u'Munroe', u'Murdoch', u'Murdock', u'Murphy', u'Murray', u'Mustafa', u'Myke', u'Myles', u'Mylo', u'Myron', u'Nahum', u'Napoleon', u'Nat', u'Natale', u'Nate', u'Nathan', u'Nathanael', u'Nathanial', u'Nathaniel', u'Nathanil', u'Neal', u'Neale', u'Neall', u'Nealon', u'Nealson', u'Nealy', u'Ned', u'Neddie', u'Neddy', u'Neel', u'Neil', u'Nels', u'Nelsen', u'Nelson', u'Nero', u'Neron', u'Nester', u'Nestor', u'Nev', u'Nevil', u'Nevile', u'Neville', u'Nevin', u'Nevins', u'Newton', u'Niall', u'Niccolo', u'Nicholas', u'Nichole', u'Nichols', u'Nick', u'Nickey', u'Nickie', u'Nickolas', u'Nicky', u'Nico', u'Nicolas', u'Niels', u'Nigel', u'Niki', u'Nikita', u'Nikki', u'Nikolai', u'Nikos', u'Niles', u'Nils', u'Nilson', u'Niven', u'Noach', u'Noah', u'Noam', u'Noble', u'Noe', u'Noel', u'Nolan', u'Noland', u'Norbert', u'Norm', u'Norman', u'Normand', u'Normie', u'Norris', u'Northrop', u'Northrup', u'Norton', u'Norwood', u'Nunzio', u'Obadiah', u'Obadias', u'Oberon', u'Obie', u'Octavius', u'Odell', u'Odie', u'Odin', u'Odysseus', u'Olaf', u'Olag', u'Ole', u'Oleg', u'Olin', u'Oliver', u'Olivier', u'Olle', u'Ollie', u'Omar', u'Oral', u'Oran', u'Orazio', u'Orbadiah', u'Oren', u'Orin', u'Orion', u'Orlando', u'Orren', u'Orrin', u'Orson', u'Orton', u'Orville', u'Osbert', u'Osborn', u'Osborne', u'Osbourn', u'Osbourne', u'Oscar', u'Osgood', u'Osmond', u'Osmund', u'Ossie', u'Oswald', u'Oswell', u'Otes', u'Othello', u'Otho', u'Otis', u'Otto', u'Owen', u'Ozzie', u'Ozzy', u'Pablo', u'Pace', u'Paco', u'Paddie', u'Paddy', u'Padraig', u'Page', u'Paige', u'Pail', u'Palmer', u'Paolo', u'Park', u'Parke', u'Parker', u'Parnell', u'Parrnell', u'Parry', u'Parsifal', u'Partha', u'Pascal', u'Pascale', u'Pasquale', u'Pat', u'Pate', u'Patel', u'Paten', u'Patin', u'Paton', u'Patric', u'Patrice', u'Patricio', u'Patrick', u'Patrik', u'Patsy', u'Pattie', u'Patty', u'Paul', u'Paulo', u'Pavel', u'Pearce', u'Pedro', u'Peirce', u'Pembroke', u'Pen', u'Penn', u'Pennie', u'Penny', u'Penrod', u'Pepe', u'Pepillo', u'Pepito', u'Perceval', u'Percival', u'Percy', u'Perry', u'Pete', u'Peter', u'Petey', u'Petr', u'Peyter', u'Peyton', u'Phil', u'Philbert', u'Philip', u'Phillip', u'Phillipe', u'Phillipp', u'Phineas', u'Phip', u'Pierce', u'Pierre', u'Pierson', u'Piet', u'Pieter', u'Pietro', u'Piggy', u'Pincas', u'Pinchas', u'Pincus', u'Piotr', u'Pip', u'Plato', u'Pooh', u'Porter', u'Poul', u'Powell', u'Praneetf', u'Prasad', u'Prasun', u'Prent', u'Prentice', u'Prentiss', u'Prescott', u'Preston', u'Price', u'Prince', u'Pryce', u'Puff', u'Purcell', u'Putnam', u'Pyotr', u'Quent', u'Quentin', u'Quiggly', u'Quigly', u'Quigman', u'Quill', u'Quillan', u'Quincey', u'Quincy', u'Quinlan', u'Quinn', u'Quint', u'Quintin', u'Quinton', u'Quintus', u'Rab', u'Rabbi', u'Rabi', u'Rad', u'Radcliffe', u'Rafael', u'Rafe', u'Ragnar', u'Rahul', u'Raimund', u'Rainer', u'Raj', u'Rajeev', u'Raleigh', u'Ralf', u'Ralph', u'Ram', u'Ramesh', u'Ramon', u'Ramsay', u'Ramsey', u'Rand', u'Randal', u'Randall', u'Randell', u'Randi', u'Randie', u'Randolf', u'Randolph', u'Randy', u'Ransell', u'Ransom', u'Raoul', u'Raphael', u'Raul', u'Ravi', u'Ravil', u'Rawley', u'Ray', u'Raymond', u'Raymund', u'Raymundo', u'Raynard', u'Rayner', u'Raynor', u'Reagan', u'Red', u'Redford', u'Redmond', u'Reece', u'Reed', u'Rees', u'Reese', u'Reg', u'Regan', u'Regen', u'Reggie', u'Reggis', u'Reggy', u'Reginald', u'Reginauld', u'Reid', u'Reilly', u'Reinhard', u'Reinhold', u'Rem', u'Remington', u'Remus', u'Renado', u'Renaldo', u'Renard', u'Renato', u'Renaud', u'Renault', u'Rene', u'Reube', u'Reuben', u'Reuven', u'Rex', u'Rey', u'Reynard', u'Reynold', u'Reynolds', u'Reza', u'Rhett', u'Ric', u'Ricard', u'Ricardo', u'Riccardo', u'Rice', u'Rich', u'Richard', u'Richardo', u'Richie', u'Richmond', u'Richy', u'Rick', u'Rickard', u'Rickey', u'Ricki', u'Rickie', u'Ricky', u'Rik', u'Rikki', u'Riley', u'Rinaldo', u'Ripley', u'Ritch', u'Ritchie', u'Roarke', u'Rob', u'Robb', u'Robbert', u'Robbie', u'Robert', u'Roberto', u'Robin', u'Robinson', u'Rochester', u'Rock', u'Rockwell', u'Rocky', u'Rod', u'Rodd', u'Roddie', u'Roddy', u'Roderic', u'Roderich', u'Roderick', u'Roderigo', u'Rodge', u'Rodger', u'Rodney', u'Rodolfo', u'Rodolph', u'Rodolphe', u'Rodrick', u'Rodrigo', u'Rodrique', u'Rog', u'Roger', u'Rogers', u'Roice', u'Roland', u'Rolando', u'Rolf', u'Rolfe', u'Rolland', u'Rollin', u'Rollins', u'Rollo', u'Rolph', u'Romain', u'Roman', u'Romeo', u'Ron', u'Ronald', u'Ronen', u'Roni', u'Ronnie', u'Ronny', u'Roosevelt', u'Rory', u'Roscoe', u'Ross', u'Roth', u'Rourke', u'Rowland', u'Roy', u'Royal', u'Royce', u'Rube', u'Ruben', u'Rubin', u'Ruby', u'Rudd', u'Ruddie', u'Ruddy', u'Rudie', u'Rudiger', u'Rudolf', u'Rudolfo', u'Rudolph', u'Rudy', u'Rudyard', u'Rufe', u'Rufus', u'Rupert', u'Ruperto', u'Russ', u'Russel', u'Russell', u'Rustie', u'Rustin', u'Rusty', u'Rutger', u'Rutherford', u'Rutledge', u'Rutter', u'Ryan', u'Sal', u'Salem', u'Salim', u'Salman', u'Salmon', u'Salomo', u'Salomon', u'Salomone', u'Salvador', u'Salvatore', u'Salvidor', u'Sam', u'Sammie', u'Sammy', u'Sampson', u'Samson', u'Samuel', u'Samuele', u'Sancho', u'Sander', u'Sanders', u'Sanderson', u'Sandor', u'Sandro', u'Sandy', u'Sanford', u'Sanson', u'Sansone', u'Sarge', u'Sargent', u'Sascha', u'Sasha', u'Saul', u'Sauncho', u'Saunder', u'Saunders', u'Saunderson', u'Saundra', u'Saw', u'Sawyer', u'Sawyere', u'Sax', u'Saxe', u'Saxon', u'Say', u'Sayer', u'Sayers', u'Sayre', u'Sayres', u'Scarface', u'Schroeder', u'Schuyler', u'Scot', u'Scott', u'Scotti', u'Scottie', u'Scotty', u'Seamus', u'Sean', u'Sebastian', u'Sebastiano', u'Sebastien', u'See', u'Selby', u'Selig', u'Serge', u'Sergeant', u'Sergei', u'Sergent', u'Sergio', u'Seth', u'Seymour', u'Shadow', u'Shaine', u'Shalom', u'Shamus', u'Shanan', u'Shane', u'Shannan', u'Shannon', u'Shaughn', u'Shaun', u'Shaw', u'Shawn', u'Shay', u'Shayne', u'Shea', u'Sheff', u'Sheffie', u'Sheffield', u'Sheffy', u'Shelby', u'Shelden', u'Sheldon', u'Shell', u'Shelley', u'Shelton', u'Shem', u'Shep', u'Shepard', u'Shepherd', u'Sheppard', u'Shepperd', u'Sheridan', u'Sherlock', u'Sherlocke', u'Sherman', u'Sherwin', u'Sherwood', u'Sherwynd', u'Shimon', u'Shlomo', u'Sholom', u'Shorty', u'Shumeet', u'Shurlock', u'Shurlocke', u'Shurwood', u'Si', u'Sibyl', u'Sid', u'Siddhartha', u'Sidnee', u'Sidney', u'Siegfried', u'Siffre', u'Sig', u'Sigfrid', u'Sigfried', u'Sigmund', u'Silas', u'Silvain', u'Silvan', u'Silvano', u'Silvanus', u'Silvester', u'Silvio', u'Sim', u'Simeon', u'Simmonds', u'Simon', u'Simone', u'Sinclair', u'Sinclare', u'Sivert', u'Siward', u'Skell', u'Skelly', u'Skip', u'Skipp', u'Skipper', u'Skippie', u'Skippy', u'Skipton', u'Sky', u'Skye', u'Skylar', u'Skyler', u'Slade', u'Slim', u'Sloan', u'Sloane', u'Sly', u'Smith', u'Smitty', u'Socrates', u'Sol', u'Sollie', u'Solly', u'Solomon', u'Somerset', u'Son', u'Sonnie', u'Sonny', u'Sparky', u'Spence', u'Spencer', u'Spense', u'Spenser', u'Spike', u'Spiro', u'Spiros', u'Spud', u'Srinivas', u'Stacy', u'Staffard', u'Stafford', u'Staford', u'Stan', u'Standford', u'Stanfield', u'Stanford', u'Stanislaw', u'Stanleigh', u'Stanley', u'Stanly', u'Stanton', u'Stanwood', u'Stavros', u'Stearn', u'Stearne', u'Stefan', u'Stefano', u'Steffen', u'Stephan', u'Stephanus', u'Stephen', u'Sterling', u'Stern', u'Sterne', u'Steve', u'Steven', u'Stevie', u'Stevy', u'Stew', u'Steward', u'Stewart', u'Stig', u'Stillman', u'Stillmann', u'Sting', u'Stinky', u'Stirling', u'Stu', u'Stuart', u'Sturgis', u'Sullivan', u'Sully', u'Sumner', u'Sunny', u'Sutherland', u'Sutton', u'Sven', u'Swen', u'Syd', u'Sydney', u'Sylvan', u'Sylvester', u'Tab', u'Tabb', u'Tabbie', u'Tabby', u'Taber', u'Tabor', u'Tad', u'Tadd', u'Taddeo', u'Taddeus', u'Tadeas', u'Tailor', u'Tait', u'Taite', u'Talbert', u'Talbot', u'Tallie', u'Tally', u'Tam', u'Tamas', u'Tammie', u'Tammy', u'Tan', u'Tann', u'Tanner', u'Tanney', u'Tannie', u'Tanny', u'Tarrance', u'Tarrant', u'Tarzan', u'Tate', u'Taylor', u'Teador', u'Ted', u'Tedd', u'Teddie', u'Teddy', u'Tedie', u'Tedman', u'Tedmund', u'Tedrick', u'Temp', u'Temple', u'Templeton', u'Teodoor', u'Teodor', u'Teodorico', u'Teodoro', u'Terence', u'Terencio', u'Terrance', u'Terrel', u'Terrell', u'Terrence', u'Terri', u'Terrill', u'Terry', u'Thacher', u'Thad', u'Thaddeus', u'Thaddius', u'Thaddus', u'Thadeus', u'Thain', u'Thaine', u'Thane', u'Tharen', u'Thatch', u'Thatcher', u'Thaxter', u'Thayne', u'Thebault', u'Thedric', u'Thedrick', u'Theo', u'Theobald', u'Theodor', u'Theodore', u'Theodoric', u'Theophyllus', u'Thibaud', u'Thibaut', u'Thom', u'Thomas', u'Thor', u'Thorn', u'Thorndike', u'Thornie', u'Thornton', u'Thorny', u'Thorpe', u'Thorstein', u'Thorsten', u'Thorvald', u'Thurstan', u'Thurston', u'Tibold', u'Tiebold', u'Tiebout', u'Tiler', u'Tim', u'Timmie', u'Timmy', u'Timothee', u'Timotheus', u'Timothy', u'Tirrell', u'Tito', u'Titos', u'Titus', u'Tobe', u'Tobiah', u'Tobias', u'Tobie', u'Tobin', u'Tobit', u'Toby', u'Tod', u'Todd', u'Toddie', u'Toddy', u'Tom', u'Tomas', u'Tome', u'Tomkin', u'Tomlin', u'Tommie', u'Tommy', u'Tonnie', u'Tony', u'Tore', u'Torey', u'Torin', u'Torr', u'Torrance', u'Torre', u'Torrence', u'Torrey', u'Torrin', u'Torry', u'Town', u'Towney', u'Townie', u'Townsend', u'Towny', u'Trace', u'Tracey', u'Tracie', u'Tracy', u'Traver', u'Travers', u'Travis', u'Tray', u'Tre', u'Tremain', u'Tremaine', u'Tremayne', u'Trent', u'Trenton', u'Trev', u'Trevar', u'Trever', u'Trevor', u'Trey', u'Trip', u'Tristan', u'Troy', u'Truman', u'Tuck', u'Tucker', u'Tuckie', u'Tucky', u'Tudor', u'Tull', u'Tulley', u'Tully', u'Turner', u'Ty', u'Tybalt', u'Tye', u'Tyler', u'Tymon', u'Tymothy', u'Tynan', u'Tyrone', u'Tyrus', u'Tyson', u'Udale', u'Udall', u'Udell', u'Ugo', u'Ulberto', u'Uli', u'Ulick', u'Ulises', u'Ulric', u'Ulrich', u'Ulrick', u'Ulysses', u'Umberto', u'Upton', u'Urbain', u'Urban', u'Urbano', u'Urbanus', u'Uri', u'Uriah', u'Uriel', u'Urson', u'Vachel', u'Vaclav', u'Vail', u'Val', u'Valdemar', u'Vale', u'Valentin', u'Valentine', u'Van', u'Vance', u'Vasili', u'Vasilis', u'Vasily', u'Vassili', u'Vassily', u'Vaughan', u'Vaughn', u'Venkat', u'Verge', u'Vergil', u'Vern', u'Verne', u'Vernen', u'Verney', u'Vernon', u'Vernor', u'Vibhu', u'Vic', u'Vick', u'Victor', u'Vijay', u'Vilhelm', u'Vin', u'Vince', u'Vincent', u'Vincents', u'Vinnie', u'Vinny', u'Vinod', u'Virge', u'Virgie', u'Virgil', u'Virgilio', u'Vite', u'Vito', u'Vlad', u'Vladamir', u'Vladimir', u'Voltaire', u'Von', u'Wade', u'Wadsworth', u'Wain', u'Waine', u'Wainwright', u'Wait', u'Waite', u'Waiter', u'Wake', u'Wakefield', u'Wald', u'Waldemar', u'Walden', u'Waldo', u'Waldon', u'Waleed', u'Walker', u'Wallace', u'Wallache', u'Wallas', u'Wallie', u'Wallis', u'Wally', u'Walsh', u'Walt', u'Walter', u'Walther', u'Walton', u'Wang', u'Ward', u'Warde', u'Warden', u'Ware', u'Waring', u'Warner', u'Warren', u'Wash', u'Washington', u'Wat', u'Waverley', u'Waverly', u'Way', u'Waylan', u'Wayland', u'Waylen', u'Waylin', u'Waylon', u'Wayne', u'Web', u'Webb', u'Weber', u'Webster', u'Weidar', u'Weider', u'Welbie', u'Welby', u'Welch', u'Wells', u'Welsh', u'Wendall', u'Wendel', u'Wendell', u'Werner', u'Wes', u'Wesley', u'Weslie', u'West', u'Westbrook', u'Westbrooke', u'Westleigh', u'Westley', u'Weston', u'Weylin', u'Wheeler', u'Whit', u'Whitaker', u'Whitby', u'Whitman', u'Whitney', u'Whittaker', u'Wiatt', u'Wilber', u'Wilbert', u'Wilbur', u'Wilburn', u'Wilburt', u'Wilden', u'Wildon', u'Wilek', u'Wiley', u'Wilfred', u'Wilfrid', u'Wilhelm', u'Will', u'Willard', u'Willdon', u'Willem', u'Willey', u'Willi', u'William', u'Willie', u'Willis', u'Willmott', u'Willy', u'Wilmar', u'Wilmer', u'Wilson', u'Wilt', u'Wilton', u'Win', u'Windham', u'Winfield', u'Winford', u'Winfred', u'Winifield', u'Winn', u'Winnie', u'Winny', u'Winslow', u'Winston', u'Winthrop', u'Winton', u'Wit', u'Witold', u'Wittie', u'Witty', u'Wojciech', u'Wolf', u'Wolfgang', u'Wolfie', u'Wolfram', u'Wolfy', u'Woochang', u'Wood', u'Woodie', u'Woodman', u'Woodrow', u'Woody', u'Worden', u'Worth', u'Worthington', u'Worthy', u'Wright', u'Wyatan', u'Wyatt', u'Wye', u'Wylie', u'Wyn', u'Wyndham', u'Wynn', u'Wynton', u'Xavier', u'Xenos', u'Xerxes', u'Xever', u'Ximenes', u'Ximenez', u'Xymenes', u'Yaakov', u'Yacov', u'Yale', u'Yanaton', u'Yance', u'Yancey', u'Yancy', u'Yank', u'Yankee', u'Yard', u'Yardley', u'Yehudi', u'Yigal', u'Yule', u'Yuri', u'Yves', u'Zach', u'Zacharia', u'Zachariah', u'Zacharias', u'Zacharie', u'Zachary', u'Zacherie', u'Zachery', u'Zack', u'Zackariah', u'Zak', u'Zalman', u'Zane', u'Zared', u'Zary', u'Zeb', u'Zebadiah', u'Zebedee', u'Zebulen', u'Zebulon', u'Zechariah', u'Zed', u'Zedekiah', u'Zeke', u'Zelig', u'Zerk', u'Zeus', u'Zippy', u'Zollie', u'Zolly', u'Zorro']
